{
  "tag_groups": [
    {
      "id": "tipo",
      "name": {
        "es": "Tipo",
        "en": "Type"
      },
      "tags": [
        { "id": "cocina", "name": { "es": "Cocina", "en": "Kitchen" } },
        { "id": "asado", "name": { "es": "Asado", "en": "BBQ" } },
        { "id": "japones", "name": { "es": "Japonés", "en": "Japanese" } },
        { "id": "outdoor", "name": { "es": "Outdoor", "en": "Outdoor" } },
        { "id": "camping", "name": { "es": "Camping", "en": "Camping" } }
      ]
    },
    {
      "id": "encabado",
      "name": {
        "es": "Encabado",
        "en": "Handle"
      },
      "tags": [
        { "id": "lapacho", "name": { "es": "Lapacho", "en": "Lapacho" } },
        { "id": "micarta", "name": { "es": "Micarta", "en": "Micarta" } },
        { "id": "resina", "name": { "es": "Resina", "en": "Resin" } },
        { "id": "ebano", "name": { "es": "Ébano", "en": "Ebony" } },
        { "id": "olivo", "name": { "es": "Olivo", "en": "Olive" } },
        { "id": "guayacan", "name": { "es": "Guayacán", "en": "Guaiacum" } },
        { "id": "quebracho", "name": { "es": "Quebracho", "en": "Quebracho" } }
      ]
    },
    {
      "id": "acero",
      "name": {
        "es": "Acero",
        "en": "Steel"
      },
      "tags": [
        { "id": "inoxidable", "name": { "es": "Inoxidable", "en": "Stainless" } },
        { "id": "carbono", "name": { "es": "Carbono", "en": "Carbon" } },
        { "id": "damasco-inox", "name": { "es": "Damasco Inoxidable", "en": "Damascus Stainless" } },
        { "id": "damasco-carbono", "name": { "es": "Damasco Carbono", "en": "Damascus Carbon" } }
      ]
    },
    {
      "id": "extras",
      "name": {
        "es": "Extras",
        "en": "Extras"
      },
      "tags": []
    }
  ]
}
